-- 部门预算下达（支出）
UPDATE boss_t_fb_colinfo set FIELD = 'is_gov_pur' where REPORTGUID = '30231' and FIELD = 'is_gov';

delete from fb_cfg_menutoreport where menuguid ='78e5deb25d0911eeb347fa163e418d0c' and reportguid ='900028';
INSERT INTO fb_cfg_menutoreport(`ID`, `menuguid`, `reportguid`, `reportname`, `vieworder`, `report_type`, `mof_div_code`, `fiscal_year`, `creater`, `create_time`, `updater`, `update_time`, `Is_deleted`) VALUES ('b6fa87f65d9611eeb347fa163e418d0c', '78e5deb25d0911eeb347fa163e418d0c', '900028', '转换规则配置报表', 1, 1, '220000000', '2023', 'cx', '2023-03-16 00:00:00', NULL, '2023-03-16 00:00:00', 0);
insert into fb_cfg_menutoreport
SELECT sys_guid(),a.menuguid,a.reportguid,a.reportname,a.vieworder,a.report_type,b.mof_div_code,a.fiscal_year,a.creater,a.create_time,a.updater,a.update_time,a.is_deleted from fb_cfg_menutoreport a,fiscal.bas_mof_div b where a.mof_div_code ='220000000' and a.fiscal_year ='2023' and b.MOF_DIV_CODE <> '220000000' and a.menuguid ='78e5deb25d0911eeb347fa163e418d0c' and a.reportguid ='900028';

delete from fb_cfg_menutoreport where menuguid ='78e5deb25d0911eeb347fa163e418d0c' and reportguid ='9000281';
INSERT INTO fb_cfg_menutoreport(`ID`, `menuguid`, `reportguid`, `reportname`, `vieworder`, `report_type`, `mof_div_code`, `fiscal_year`, `creater`, `create_time`, `updater`, `update_time`, `Is_deleted`) VALUES ('b6fa87f65d9611eeb347fa163e418d0d', '78e5deb25d0911eeb347fa163e418d0c', '9000281', '转换规则配置报表-新增', 2, 1, '220000000', '2023', 'cx', '2023-03-16 00:00:00', NULL, '2023-03-16 00:00:00', 0);
insert into fb_cfg_menutoreport
SELECT sys_guid(),a.menuguid,a.reportguid,a.reportname,a.vieworder,a.report_type,b.mof_div_code,a.fiscal_year,a.creater,a.create_time,a.updater,a.update_time,a.is_deleted from fb_cfg_menutoreport a,fiscal.bas_mof_div b where a.mof_div_code ='220000000' and a.fiscal_year ='2023' and b.MOF_DIV_CODE <> '220000000' and a.menuguid ='78e5deb25d0911eeb347fa163e418d0c' and a.reportguid ='9000281';

-- 转换规则报表
delete from boss_t_fb_report where  reportguid ='900028';
INSERT INTO `boss_t_fb_report`(`REPORTGUID`, `REPORTNAME`, `REPORTVNAME`, `REMARK`, `ORDERNUM`, `ISHIDE`, `YEAR`, `PROVINCE`, `LASTVER`, `EDITBATCH`, `TABLENAME`, `REPORTTYPE`, `EDITABLE`, `QUERYPARAMFUNC`, `ISCHECK`, `ROWOPER`, `TOOLBAR`, `QUERYDATAMETHOD`, `UNIT`, `ROWNAME`, `PAGENAME`, `STARTNODE`, `ISACTIVE`, `CFGROW`, `ONEROW`, `NOROWISUP`, `ISBATCHNO`, `FIXEDNUMBER`, `FULLVNAME`, `SHOWSUBTOTAL`) VALUES ('900028', '转换规则配置表', 'boss_t_fb_convert_rule', '转换规则配置表', 7156, NULL, '2023', '220000000', NULL, '2', 'boss_t_fb_convert_rule', '10', 'true', 'queryReportParams', 'true', 'false', NULL, '/v1/std/getConvertRule', '1', NULL, '', NULL, 'true', 'false', 'false', 'false', 'false', 0, 'boss_t_fb_convert_rule', 'false');
-- 同步区划-报表
INSERT INTO boss_t_fb_report select `REPORTGUID`, `REPORTNAME`, `REPORTVNAME`, `REMARK`, `ORDERNUM`, `ISHIDE`, `YEAR`, b.mof_div_code, `LASTVER`, `EDITBATCH`, `TABLENAME`, `REPORTTYPE`, `EDITABLE`, `QUERYPARAMFUNC`, `ISCHECK`, `ROWOPER`, `TOOLBAR`, `QUERYDATAMETHOD`, `UNIT`, `ROWNAME`, `PAGENAME`, `STARTNODE`, `ISACTIVE`, `CFGROW`, `ONEROW`, `NOROWISUP`, `ISBATCHNO`, `FIXEDNUMBER`, `FULLVNAME`, `SHOWSUBTOTAL` from boss_t_fb_report a,fiscal.bas_mof_div b where b.mof_div_code like '22%' and b.mof_div_code not like '%98%' and b.mof_div_code not like '%99000%' and b.mof_div_code<>'220000000' and a.PROVINCE='220000000' and reportguid in('900028')  and year=2023;
-- 同步年度-报表
INSERT INTO boss_t_fb_report select `REPORTGUID`, `REPORTNAME`, `REPORTVNAME`, `REMARK`, `ORDERNUM`, `ISHIDE`, '2024', PROVINCE, `LASTVER`, `EDITBATCH`, `TABLENAME`, `REPORTTYPE`, `EDITABLE`, `QUERYPARAMFUNC`, `ISCHECK`, `ROWOPER`, `TOOLBAR`, `QUERYDATAMETHOD`, `UNIT`, `ROWNAME`, `PAGENAME`, `STARTNODE`, `ISACTIVE`, `CFGROW`, `ONEROW`, `NOROWISUP`, `ISBATCHNO`, `FIXEDNUMBER`, `FULLVNAME`, `SHOWSUBTOTAL` from boss_t_fb_report where reportguid in('900028')  and year=2023;

-- 转换规则报表
delete from boss_t_fb_colinfo where reportguid='900028';
INSERT INTO `boss_t_fb_colinfo`(`GUID`, `REPORTGUID`, `FIELD`, `TITLE`, `TITLETOOLTIP`, `ORDERNUM`, `TYPE`, `SOURCE`, `FORMULADET`, `CALCPRI`, `EDITABLE`, `REFMODELGUID`, `ALIGN`, `HALIGN`, `VALIGN`, `SORTABLE`, `VISIBLE`, `SWITCHABLE`, `SUPERGUID`, `NOTNULL`, `WIDTH`, `YEAR`, `PROVINCE`, `LASTVER`, `clength`, `ISPKCOLUMN`, `ISCHECKS`, `ISCONSTRAINT`, `DEFAULTVALUE`, `FORMULADETNAME`, `SUMQUOTIETY`, `EXPFUNCCODE`, `EXPFUNCGUID`, `EXPFUNCNAME`, `ALLTITLE`, `EXPFUNC`, `ISBUILT`, `FORMATTYPE`, `PARSEMONEY`, `BATCHMODIFY`, `SUMPORTRAIT`, `SHOWGRANTAUTHOR`, `REFMODELCODE`, `REFMODELNAME`, `ORDERNUMONE`, `GROUPNUMBER`, `ORDERRULE`, `treenode`) VALUES ('cdcb86005d9911eeb347fa163e418d0c', '900028', 'convert_code', '转换编码', '转换编码', '0001', 'text', '', NULL, 0, 'false', NULL, 'left', 'center', 'middle', 'false', 'true', 'true', NULL, 'true', '120', '2023', '220000000', NULL, 60, 'false', NULL, 'false', NULL, NULL, 1, NULL, NULL, NULL, '转换规则设置.转换编码', NULL, 'false', NULL, 'false', 'false', 'false', 'false', NULL, NULL, NULL, NULL, NULL, NULL);
INSERT INTO `boss_t_fb_colinfo`(`GUID`, `REPORTGUID`, `FIELD`, `TITLE`, `TITLETOOLTIP`, `ORDERNUM`, `TYPE`, `SOURCE`, `FORMULADET`, `CALCPRI`, `EDITABLE`, `REFMODELGUID`, `ALIGN`, `HALIGN`, `VALIGN`, `SORTABLE`, `VISIBLE`, `SWITCHABLE`, `SUPERGUID`, `NOTNULL`, `WIDTH`, `YEAR`, `PROVINCE`, `LASTVER`, `clength`, `ISPKCOLUMN`, `ISCHECKS`, `ISCONSTRAINT`, `DEFAULTVALUE`, `FORMULADETNAME`, `SUMQUOTIETY`, `EXPFUNCCODE`, `EXPFUNCGUID`, `EXPFUNCNAME`, `ALLTITLE`, `EXPFUNC`, `ISBUILT`, `FORMATTYPE`, `PARSEMONEY`, `BATCHMODIFY`, `SUMPORTRAIT`, `SHOWGRANTAUTHOR`, `REFMODELCODE`, `REFMODELNAME`, `ORDERNUMONE`, `GROUPNUMBER`, `ORDERRULE`, `treenode`) VALUES ('cdd281425d9911eeb347fa163e418d0c', '900028', 'convert_name', '转换规则名称', '转换规则名称', '0002', 'text', '', NULL, 0, 'false', NULL, 'left', 'center', 'middle', 'false', 'true', 'true', NULL, 'true', '120', '2023', '220000000', NULL, 60, 'false', NULL, 'false', NULL, NULL, 1, NULL, NULL, NULL, '转换规则设置.转换规则名称', NULL, 'false', NULL, 'false', 'false', 'false', 'false', NULL, NULL, NULL, NULL, NULL, NULL);
INSERT INTO `boss_t_fb_colinfo`(`GUID`, `REPORTGUID`, `FIELD`, `TITLE`, `TITLETOOLTIP`, `ORDERNUM`, `TYPE`, `SOURCE`, `FORMULADET`, `CALCPRI`, `EDITABLE`, `REFMODELGUID`, `ALIGN`, `HALIGN`, `VALIGN`, `SORTABLE`, `VISIBLE`, `SWITCHABLE`, `SUPERGUID`, `NOTNULL`, `WIDTH`, `YEAR`, `PROVINCE`, `LASTVER`, `clength`, `ISPKCOLUMN`, `ISCHECKS`, `ISCONSTRAINT`, `DEFAULTVALUE`, `FORMULADETNAME`, `SUMQUOTIETY`, `EXPFUNCCODE`, `EXPFUNCGUID`, `EXPFUNCNAME`, `ALLTITLE`, `EXPFUNC`, `ISBUILT`, `FORMATTYPE`, `PARSEMONEY`, `BATCHMODIFY`, `SUMPORTRAIT`, `SHOWGRANTAUTHOR`, `REFMODELCODE`, `REFMODELNAME`, `ORDERNUMONE`, `GROUPNUMBER`, `ORDERRULE`, `treenode`) VALUES ('cdd03ff75d9911eeb347fa163e418d0c', '900028', 'trans_type', '转换类型', '转换类型', '0003', 'select', '', NULL, 0, 'false', 'b3cbb2055d9d11eeb347fa163e418d0c', 'left', 'center', 'middle', 'false', 'true', 'true', NULL, 'true', '120', '2023', '220000000', NULL, 60, 'false', NULL, 'false', NULL, NULL, 1, NULL, NULL, NULL, '转换规则设置.转换类型', NULL, 'false', NULL, 'false', 'false', 'false', 'false', NULL, NULL, NULL, NULL, NULL, NULL);
INSERT INTO `boss_t_fb_colinfo`(`GUID`, `REPORTGUID`, `FIELD`, `TITLE`, `TITLETOOLTIP`, `ORDERNUM`, `TYPE`, `SOURCE`, `FORMULADET`, `CALCPRI`, `EDITABLE`, `REFMODELGUID`, `ALIGN`, `HALIGN`, `VALIGN`, `SORTABLE`, `VISIBLE`, `SWITCHABLE`, `SUPERGUID`, `NOTNULL`, `WIDTH`, `YEAR`, `PROVINCE`, `LASTVER`, `clength`, `ISPKCOLUMN`, `ISCHECKS`, `ISCONSTRAINT`, `DEFAULTVALUE`, `FORMULADETNAME`, `SUMQUOTIETY`, `EXPFUNCCODE`, `EXPFUNCGUID`, `EXPFUNCNAME`, `ALLTITLE`, `EXPFUNC`, `ISBUILT`, `FORMATTYPE`, `PARSEMONEY`, `BATCHMODIFY`, `SUMPORTRAIT`, `SHOWGRANTAUTHOR`, `REFMODELCODE`, `REFMODELNAME`, `ORDERNUMONE`, `GROUPNUMBER`, `ORDERRULE`, `treenode`) VALUES ('cdd434885d9911eeb347fa163e418d0c', '900028', 'field_key', '补充字段名', '补充字段名', '0004', 'text', '', NULL, 0, 'false', NULL, 'left', 'center', 'middle', 'false', 'true', 'true', NULL, 'true', '120', '2023', '220000000', NULL, 60, 'false', NULL, 'false', NULL, NULL, 1, NULL, NULL, NULL, '转换规则设置.补充字段名', NULL, 'false', NULL, 'false', 'false', 'false', 'false', NULL, NULL, NULL, NULL, NULL, NULL);
INSERT INTO `boss_t_fb_colinfo`(`GUID`, `REPORTGUID`, `FIELD`, `TITLE`, `TITLETOOLTIP`, `ORDERNUM`, `TYPE`, `SOURCE`, `FORMULADET`, `CALCPRI`, `EDITABLE`, `REFMODELGUID`, `ALIGN`, `HALIGN`, `VALIGN`, `SORTABLE`, `VISIBLE`, `SWITCHABLE`, `SUPERGUID`, `NOTNULL`, `WIDTH`, `YEAR`, `PROVINCE`, `LASTVER`, `clength`, `ISPKCOLUMN`, `ISCHECKS`, `ISCONSTRAINT`, `DEFAULTVALUE`, `FORMULADETNAME`, `SUMQUOTIETY`, `EXPFUNCCODE`, `EXPFUNCGUID`, `EXPFUNCNAME`, `ALLTITLE`, `EXPFUNC`, `ISBUILT`, `FORMATTYPE`, `PARSEMONEY`, `BATCHMODIFY`, `SUMPORTRAIT`, `SHOWGRANTAUTHOR`, `REFMODELCODE`, `REFMODELNAME`, `ORDERNUMONE`, `GROUPNUMBER`, `ORDERRULE`, `treenode`) VALUES ('cdd5fdeb5d9911eeb347fa163e418d0c', '900028', 'field_val', '补充字段值', '补充字段值', '0005', 'text', '', NULL, 0, 'false', NULL, 'left', 'center', 'middle', 'false', 'true', 'true', NULL, 'true', '120', '2023', '220000000', NULL, 60, 'false', NULL, 'false', NULL, NULL, 1, NULL, NULL, NULL, '转换规则设置.补充字段值', NULL, 'false', NULL, 'false', 'false', 'false', 'false', NULL, NULL, NULL, NULL, NULL, NULL);
INSERT INTO `boss_t_fb_colinfo`(`GUID`, `REPORTGUID`, `FIELD`, `TITLE`, `TITLETOOLTIP`, `ORDERNUM`, `TYPE`, `SOURCE`, `FORMULADET`, `CALCPRI`, `EDITABLE`, `REFMODELGUID`, `ALIGN`, `HALIGN`, `VALIGN`, `SORTABLE`, `VISIBLE`, `SWITCHABLE`, `SUPERGUID`, `NOTNULL`, `WIDTH`, `YEAR`, `PROVINCE`, `LASTVER`, `clength`, `ISPKCOLUMN`, `ISCHECKS`, `ISCONSTRAINT`, `DEFAULTVALUE`, `FORMULADETNAME`, `SUMQUOTIETY`, `EXPFUNCCODE`, `EXPFUNCGUID`, `EXPFUNCNAME`, `ALLTITLE`, `EXPFUNC`, `ISBUILT`, `FORMATTYPE`, `PARSEMONEY`, `BATCHMODIFY`, `SUMPORTRAIT`, `SHOWGRANTAUTHOR`, `REFMODELCODE`, `REFMODELNAME`, `ORDERNUMONE`, `GROUPNUMBER`, `ORDERRULE`, `treenode`) VALUES ('cdd7d00a5d9911eeb347fa163e418d0c', '900028', 'matching_rule', '匹配规则', '匹配规则', '0006', 'text', '', NULL, 0, 'false', NULL, 'left', 'center', 'middle', 'false', 'true', 'true', NULL, 'true', '120', '2023', '220000000', NULL, 60, 'false', NULL, 'false', NULL, NULL, 1, NULL, NULL, NULL, '转换规则设置.匹配规则', NULL, 'false', NULL, 'false', 'false', 'false', 'false', NULL, NULL, NULL, NULL, NULL, NULL);
INSERT INTO `boss_t_fb_colinfo`(`GUID`, `REPORTGUID`, `FIELD`, `TITLE`, `TITLETOOLTIP`, `ORDERNUM`, `TYPE`, `SOURCE`, `FORMULADET`, `CALCPRI`, `EDITABLE`, `REFMODELGUID`, `ALIGN`, `HALIGN`, `VALIGN`, `SORTABLE`, `VISIBLE`, `SWITCHABLE`, `SUPERGUID`, `NOTNULL`, `WIDTH`, `YEAR`, `PROVINCE`, `LASTVER`, `clength`, `ISPKCOLUMN`, `ISCHECKS`, `ISCONSTRAINT`, `DEFAULTVALUE`, `FORMULADETNAME`, `SUMQUOTIETY`, `EXPFUNCCODE`, `EXPFUNCGUID`, `EXPFUNCNAME`, `ALLTITLE`, `EXPFUNC`, `ISBUILT`, `FORMATTYPE`, `PARSEMONEY`, `BATCHMODIFY`, `SUMPORTRAIT`, `SHOWGRANTAUTHOR`, `REFMODELCODE`, `REFMODELNAME`, `ORDERNUMONE`, `GROUPNUMBER`, `ORDERRULE`, `treenode`) VALUES ('cdda036c5d9911eeb347fa163e418d0c', '900028', 'remark', '备注', '备注', '0007', 'text', '', NULL, 0, 'false', NULL, 'left', 'center', 'middle', 'false', 'true', 'true', NULL, 'true', '120', '2023', '220000000', NULL, 60, 'false', NULL, 'false', NULL, NULL, 1, NULL, NULL, NULL, '转换规则设置.备注', NULL, 'false', NULL, 'false', 'false', 'false', 'false', NULL, NULL, NULL, NULL, NULL, NULL);
-- 预算变动项 原指标文号
INSERT INTO `boss_t_fb_colinfo` (`GUID`, `REPORTGUID`, `FIELD`, `TITLE`, `TITLETOOLTIP`, `ORDERNUM`, `TYPE`, `SOURCE`, `FORMULADET`, `CALCPRI`, `EDITABLE`, `REFMODELGUID`, `ALIGN`, `HALIGN`, `VALIGN`, `SORTABLE`, `VISIBLE`, `SWITCHABLE`, `SUPERGUID`, `NOTNULL`, `WIDTH`, `YEAR`, `PROVINCE`, `LASTVER`, `clength`, `ISPKCOLUMN`, `ISCHECKS`, `ISCONSTRAINT`, `DEFAULTVALUE`, `FORMULADETNAME`, `SUMQUOTIETY`, `EXPFUNCCODE`, `EXPFUNCGUID`, `EXPFUNCNAME`, `ALLTITLE`, `EXPFUNC`, `ISBUILT`, `FORMATTYPE`, `PARSEMONEY`, `BATCHMODIFY`, `SUMPORTRAIT`, `SHOWGRANTAUTHOR`, `REFMODELCODE`, `REFMODELNAME`, `ORDERNUMONE`, `GROUPNUMBER`, `ORDERRULE`, `treenode`) VALUES ('TAUT5D5BDCC44139BCBDC993E44FD921', '990123', 'bgt_change_', '预算变动项', '预算变动项', '0026', 'treeinput', 'bgtchange', NULL, 0, 'false', NULL, 'left', 'center', 'middle', 'false', 'true', 'true', NULL, 'true', '120', '2023', '220000000', NULL, 60, 'false', NULL, 'false', NULL, NULL, 1, NULL, NULL, NULL, '上级转移支付指标登记.预算变动项', NULL, 'false', NULL, 'false', 'false', 'false', 'false', NULL, NULL, NULL, NULL, NULL, NULL);
INSERT INTO `boss_t_fb_colinfo` (`GUID`, `REPORTGUID`, `FIELD`, `TITLE`, `TITLETOOLTIP`, `ORDERNUM`, `TYPE`, `SOURCE`, `FORMULADET`, `CALCPRI`, `EDITABLE`, `REFMODELGUID`, `ALIGN`, `HALIGN`, `VALIGN`, `SORTABLE`, `VISIBLE`, `SWITCHABLE`, `SUPERGUID`, `NOTNULL`, `WIDTH`, `YEAR`, `PROVINCE`, `LASTVER`, `clength`, `ISPKCOLUMN`, `ISCHECKS`, `ISCONSTRAINT`, `DEFAULTVALUE`, `FORMULADETNAME`, `SUMQUOTIETY`, `EXPFUNCCODE`, `EXPFUNCGUID`, `EXPFUNCNAME`, `ALLTITLE`, `EXPFUNC`, `ISBUILT`, `FORMATTYPE`, `PARSEMONEY`, `BATCHMODIFY`, `SUMPORTRAIT`, `SHOWGRANTAUTHOR`, `REFMODELCODE`, `REFMODELNAME`, `ORDERNUMONE`, `GROUPNUMBER`, `ORDERRULE`, `treenode`) VALUES ('9ADC217D5208413F8AEE6ACDC3A4D02E', '990123', 'adj_doc_no', '指标文号', '指标文号', '0003', 'text', 'COR_BGT_DOC_NO', NULL, 0, 'false', NULL, 'left', 'center', 'middle', 'false', 'true', 'true', NULL, 'true', '120', '2023', '220000000', NULL, 60, 'false', NULL, 'false', NULL, NULL, 1, NULL, NULL, NULL, '上级转移支付指标登记.指标文号', NULL, 'false', NULL, 'false', 'false', 'false', 'false', NULL, NULL, NULL, NULL, NULL, NULL);

-- 同步区划-表列
INSERT INTO boss_t_fb_colinfo select `GUID`, `REPORTGUID`, `FIELD`, `TITLE`, `TITLETOOLTIP`, `ORDERNUM`, `TYPE`, `SOURCE`, `FORMULADET`, `CALCPRI`, `EDITABLE`, `REFMODELGUID`, `ALIGN`, `HALIGN`, `VALIGN`, `SORTABLE`, `VISIBLE`, `SWITCHABLE`, `SUPERGUID`, `NOTNULL`, `WIDTH`, `YEAR`, B.MOF_DIV_CODE, `LASTVER`, `clength`, `ISPKCOLUMN`, `ISCHECKS`, `ISCONSTRAINT`, `DEFAULTVALUE`, `FORMULADETNAME`, `SUMQUOTIETY`, `EXPFUNCCODE`, `EXPFUNCGUID`, `EXPFUNCNAME`, `ALLTITLE`, `EXPFUNC`, `ISBUILT`, `FORMATTYPE`, `PARSEMONEY`, `BATCHMODIFY`, `SUMPORTRAIT`, `SHOWGRANTAUTHOR`, `REFMODELCODE`, `REFMODELNAME`, `ORDERNUMONE`, `GROUPNUMBER`, `ORDERRULE`, `treenode` from boss_t_fb_colinfo a,fiscal.bas_mof_div b where b.mof_div_code like '22%' and b.mof_div_code not like '%98%' and b.mof_div_code not like '%99000%' and b.mof_div_code<>'220000000' and PROVINCE='220000000' and  reportGUID in('900028') and year=2023;

-- 同步2024年度-表列
INSERT INTO boss_t_fb_colinfo select `GUID`, `REPORTGUID`, `FIELD`, `TITLE`, `TITLETOOLTIP`, `ORDERNUM`, `TYPE`, `SOURCE`, `FORMULADET`, `CALCPRI`, `EDITABLE`, `REFMODELGUID`, `ALIGN`, `HALIGN`, `VALIGN`, `SORTABLE`, `VISIBLE`, `SWITCHABLE`, `SUPERGUID`, `NOTNULL`, `WIDTH`, '2024', `PROVINCE`, `LASTVER`, `clength`, `ISPKCOLUMN`, `ISCHECKS`, `ISCONSTRAINT`, `DEFAULTVALUE`, `FORMULADETNAME`, `SUMQUOTIETY`, `EXPFUNCCODE`, `EXPFUNCGUID`, `EXPFUNCNAME`, `ALLTITLE`, `EXPFUNC`, `ISBUILT`, `FORMATTYPE`, `PARSEMONEY`, `BATCHMODIFY`, `SUMPORTRAIT`, `SHOWGRANTAUTHOR`, `REFMODELCODE`, `REFMODELNAME`, `ORDERNUMONE`, `GROUPNUMBER`, `ORDERRULE`, `treenode` FROM boss_t_fb_colinfo WHERE reportGUID in('900028') and year=2023;
--  指标文号改为原指标文号
update boss_t_fb_colinfo set TITLE='原指标文号' ,TITLETOOLTIP='原指标文号',ALLTITLE='上级转移支付指标登记.原指标文号' where REPORTGUID in ('990123') and guid ='9ADC217D5208413F8AEE6ACDC3A4D01E'


-- 转换规则报表-新增
delete from boss_t_fb_report where  reportguid ='9000281';
INSERT INTO `boss_t_fb_report`(`REPORTGUID`, `REPORTNAME`, `REPORTVNAME`, `REMARK`, `ORDERNUM`, `ISHIDE`, `YEAR`, `PROVINCE`, `LASTVER`, `EDITBATCH`, `TABLENAME`, `REPORTTYPE`, `EDITABLE`, `QUERYPARAMFUNC`, `ISCHECK`, `ROWOPER`, `TOOLBAR`, `QUERYDATAMETHOD`, `UNIT`, `ROWNAME`, `PAGENAME`, `STARTNODE`, `ISACTIVE`, `CFGROW`, `ONEROW`, `NOROWISUP`, `ISBATCHNO`, `FIXEDNUMBER`, `FULLVNAME`, `SHOWSUBTOTAL`) VALUES ('9000281', '转换规则配置', 'boss_t_fb_convert_rule', '转换规则配置', 7156, NULL, '2023', '220000000', NULL, '2', 'boss_t_fb_convert_rule', '10', 'true', '', 'true', 'false', NULL, '', '1', NULL, '', NULL, 'true', 'false', 'false', 'false', 'false', 0, 'boss_t_fb_convert_rule', 'false');
-- 同步区划-报表
INSERT INTO boss_t_fb_report select `REPORTGUID`, `REPORTNAME`, `REPORTVNAME`, `REMARK`, `ORDERNUM`, `ISHIDE`, `YEAR`, b.mof_div_code, `LASTVER`, `EDITBATCH`, `TABLENAME`, `REPORTTYPE`, `EDITABLE`, `QUERYPARAMFUNC`, `ISCHECK`, `ROWOPER`, `TOOLBAR`, `QUERYDATAMETHOD`, `UNIT`, `ROWNAME`, `PAGENAME`, `STARTNODE`, `ISACTIVE`, `CFGROW`, `ONEROW`, `NOROWISUP`, `ISBATCHNO`, `FIXEDNUMBER`, `FULLVNAME`, `SHOWSUBTOTAL` from boss_t_fb_report a,fiscal.bas_mof_div b where b.mof_div_code like '22%' and b.mof_div_code not like '%98%' and b.mof_div_code not like '%99000%' and b.mof_div_code<>'220000000' and a.PROVINCE='220000000' and reportguid in('9000281')  and year=2023;
-- 同步年度-报表
INSERT INTO boss_t_fb_report select `REPORTGUID`, `REPORTNAME`, `REPORTVNAME`, `REMARK`, `ORDERNUM`, `ISHIDE`, '2024', PROVINCE, `LASTVER`, `EDITBATCH`, `TABLENAME`, `REPORTTYPE`, `EDITABLE`, `QUERYPARAMFUNC`, `ISCHECK`, `ROWOPER`, `TOOLBAR`, `QUERYDATAMETHOD`, `UNIT`, `ROWNAME`, `PAGENAME`, `STARTNODE`, `ISACTIVE`, `CFGROW`, `ONEROW`, `NOROWISUP`, `ISBATCHNO`, `FIXEDNUMBER`, `FULLVNAME`, `SHOWSUBTOTAL` from boss_t_fb_report where reportguid in('9000281')  and year=2023;

-- 转换规则报表-新增
delete from boss_t_fb_colinfo where reportguid='9000281';
INSERT INTO `boss_t_fb_colinfo`(`GUID`, `REPORTGUID`, `FIELD`, `TITLE`, `TITLETOOLTIP`, `ORDERNUM`, `TYPE`, `SOURCE`, `FORMULADET`, `CALCPRI`, `EDITABLE`, `REFMODELGUID`, `ALIGN`, `HALIGN`, `VALIGN`, `SORTABLE`, `VISIBLE`, `SWITCHABLE`, `SUPERGUID`, `NOTNULL`, `WIDTH`, `YEAR`, `PROVINCE`, `LASTVER`, `clength`, `ISPKCOLUMN`, `ISCHECKS`, `ISCONSTRAINT`, `DEFAULTVALUE`, `FORMULADETNAME`, `SUMQUOTIETY`, `EXPFUNCCODE`, `EXPFUNCGUID`, `EXPFUNCNAME`, `ALLTITLE`, `EXPFUNC`, `ISBUILT`, `FORMATTYPE`, `PARSEMONEY`, `BATCHMODIFY`, `SUMPORTRAIT`, `SHOWGRANTAUTHOR`, `REFMODELCODE`, `REFMODELNAME`, `ORDERNUMONE`, `GROUPNUMBER`, `ORDERRULE`, `treenode`) VALUES ('892dec5d5dd011eeb347fa163e418d0c', '9000281', 'convert_code', '转换编码', '转换编码', '0001', 'text', '', NULL, 0, 'false', NULL, 'left', 'center', 'middle', 'false', 'true', 'true', NULL, 'true', '120', '2023', '220000000', NULL, 60, 'false', NULL, 'false', NULL, NULL, 1, NULL, NULL, NULL, '转换规则设置.转换编码', NULL, 'false', NULL, 'false', 'false', 'false', 'false', NULL, NULL, NULL, NULL, NULL, NULL);
INSERT INTO `boss_t_fb_colinfo`(`GUID`, `REPORTGUID`, `FIELD`, `TITLE`, `TITLETOOLTIP`, `ORDERNUM`, `TYPE`, `SOURCE`, `FORMULADET`, `CALCPRI`, `EDITABLE`, `REFMODELGUID`, `ALIGN`, `HALIGN`, `VALIGN`, `SORTABLE`, `VISIBLE`, `SWITCHABLE`, `SUPERGUID`, `NOTNULL`, `WIDTH`, `YEAR`, `PROVINCE`, `LASTVER`, `clength`, `ISPKCOLUMN`, `ISCHECKS`, `ISCONSTRAINT`, `DEFAULTVALUE`, `FORMULADETNAME`, `SUMQUOTIETY`, `EXPFUNCCODE`, `EXPFUNCGUID`, `EXPFUNCNAME`, `ALLTITLE`, `EXPFUNC`, `ISBUILT`, `FORMATTYPE`, `PARSEMONEY`, `BATCHMODIFY`, `SUMPORTRAIT`, `SHOWGRANTAUTHOR`, `REFMODELCODE`, `REFMODELNAME`, `ORDERNUMONE`, `GROUPNUMBER`, `ORDERRULE`, `treenode`) VALUES ('893e449a5dd011eeb347fa163e418d0c', '9000281', 'convert_name', '转换规则名称', '转换规则名称', '0002', 'text', '', NULL, 0, 'false', NULL, 'left', 'center', 'middle', 'false', 'true', 'true', NULL, 'true', '120', '2023', '220000000', NULL, 60, 'false', NULL, 'false', NULL, NULL, 1, NULL, NULL, NULL, '转换规则设置.转换规则名称', NULL, 'false', NULL, 'false', 'false', 'false', 'false', NULL, NULL, NULL, NULL, NULL, NULL);
INSERT INTO `boss_t_fb_colinfo`(`GUID`, `REPORTGUID`, `FIELD`, `TITLE`, `TITLETOOLTIP`, `ORDERNUM`, `TYPE`, `SOURCE`, `FORMULADET`, `CALCPRI`, `EDITABLE`, `REFMODELGUID`, `ALIGN`, `HALIGN`, `VALIGN`, `SORTABLE`, `VISIBLE`, `SWITCHABLE`, `SUPERGUID`, `NOTNULL`, `WIDTH`, `YEAR`, `PROVINCE`, `LASTVER`, `clength`, `ISPKCOLUMN`, `ISCHECKS`, `ISCONSTRAINT`, `DEFAULTVALUE`, `FORMULADETNAME`, `SUMQUOTIETY`, `EXPFUNCCODE`, `EXPFUNCGUID`, `EXPFUNCNAME`, `ALLTITLE`, `EXPFUNC`, `ISBUILT`, `FORMATTYPE`, `PARSEMONEY`, `BATCHMODIFY`, `SUMPORTRAIT`, `SHOWGRANTAUTHOR`, `REFMODELCODE`, `REFMODELNAME`, `ORDERNUMONE`, `GROUPNUMBER`, `ORDERRULE`, `treenode`) VALUES ('6b5b3d93666d11eeb347fa163e418d0c', '9000281', 'order_by', '转换顺序', '转换顺序', '0003', 'number', '', NULL, 0, 'true', NULL, 'left', 'center', 'middle', 'false', 'true', 'true', NULL, 'false', '120', '2023', '220000000', NULL, 60, 'false', NULL, 'false', NULL, NULL, 1, NULL, NULL, NULL, '转换规则设置.转换顺序', NULL, 'false', NULL, 'false', 'false', 'false', 'false', NULL, NULL, NULL, NULL, NULL, NULL);
INSERT INTO `boss_t_fb_colinfo`(`GUID`, `REPORTGUID`, `FIELD`, `TITLE`, `TITLETOOLTIP`, `ORDERNUM`, `TYPE`, `SOURCE`, `FORMULADET`, `CALCPRI`, `EDITABLE`, `REFMODELGUID`, `ALIGN`, `HALIGN`, `VALIGN`, `SORTABLE`, `VISIBLE`, `SWITCHABLE`, `SUPERGUID`, `NOTNULL`, `WIDTH`, `YEAR`, `PROVINCE`, `LASTVER`, `clength`, `ISPKCOLUMN`, `ISCHECKS`, `ISCONSTRAINT`, `DEFAULTVALUE`, `FORMULADETNAME`, `SUMQUOTIETY`, `EXPFUNCCODE`, `EXPFUNCGUID`, `EXPFUNCNAME`, `ALLTITLE`, `EXPFUNC`, `ISBUILT`, `FORMATTYPE`, `PARSEMONEY`, `BATCHMODIFY`, `SUMPORTRAIT`, `SHOWGRANTAUTHOR`, `REFMODELCODE`, `REFMODELNAME`, `ORDERNUMONE`, `GROUPNUMBER`, `ORDERRULE`, `treenode`) VALUES ('893494be5dd011eeb347fa163e418d0c', '9000281', 'trans_type_', '转换类型', '转换类型', '0003', 'select', '', NULL, 0, 'true', 'b3cbb2055d9d11eeb347fa163e418d0c', 'left', 'center', 'middle', 'false', 'true', 'true', NULL, 'true', '120', '2023', '220000000', NULL, 60, 'false', NULL, 'false', '0', NULL, 1, NULL, NULL, NULL, '转换规则设置.转换类型', NULL, 'false', NULL, 'false', 'false', 'false', 'false', NULL, NULL, NULL, NULL, NULL, NULL);
INSERT INTO `boss_t_fb_colinfo`(`GUID`, `REPORTGUID`, `FIELD`, `TITLE`, `TITLETOOLTIP`, `ORDERNUM`, `TYPE`, `SOURCE`, `FORMULADET`, `CALCPRI`, `EDITABLE`, `REFMODELGUID`, `ALIGN`, `HALIGN`, `VALIGN`, `SORTABLE`, `VISIBLE`, `SWITCHABLE`, `SUPERGUID`, `NOTNULL`, `WIDTH`, `YEAR`, `PROVINCE`, `LASTVER`, `clength`, `ISPKCOLUMN`, `ISCHECKS`, `ISCONSTRAINT`, `DEFAULTVALUE`, `FORMULADETNAME`, `SUMQUOTIETY`, `EXPFUNCCODE`, `EXPFUNCGUID`, `EXPFUNCNAME`, `ALLTITLE`, `EXPFUNC`, `ISBUILT`, `FORMATTYPE`, `PARSEMONEY`, `BATCHMODIFY`, `SUMPORTRAIT`, `SHOWGRANTAUTHOR`, `REFMODELCODE`, `REFMODELNAME`, `ORDERNUMONE`, `GROUPNUMBER`, `ORDERRULE`, `treenode`) VALUES ('894059fe5dd011eeb347fa163e418d0c', '9000281', 'convert_before_', '转换前要素/字段', '转换前要素/字段', '0004', 'treeinput', 'dicds', NULL, 0, 'true', NULL, 'left', 'center', 'middle', 'false', 'true', 'true', NULL, 'false', '120', '2023', '220000000', NULL, 60, 'false', NULL, 'false', NULL, NULL, 1, NULL, NULL, NULL, '转换规则设置.转换前要素/字段', NULL, 'false', NULL, 'false', 'false', 'false', 'false', NULL, NULL, NULL, NULL, NULL, NULL);
INSERT INTO `boss_t_fb_colinfo`(`GUID`, `REPORTGUID`, `FIELD`, `TITLE`, `TITLETOOLTIP`, `ORDERNUM`, `TYPE`, `SOURCE`, `FORMULADET`, `CALCPRI`, `EDITABLE`, `REFMODELGUID`, `ALIGN`, `HALIGN`, `VALIGN`, `SORTABLE`, `VISIBLE`, `SWITCHABLE`, `SUPERGUID`, `NOTNULL`, `WIDTH`, `YEAR`, `PROVINCE`, `LASTVER`, `clength`, `ISPKCOLUMN`, `ISCHECKS`, `ISCONSTRAINT`, `DEFAULTVALUE`, `FORMULADETNAME`, `SUMQUOTIETY`, `EXPFUNCCODE`, `EXPFUNCGUID`, `EXPFUNCNAME`, `ALLTITLE`, `EXPFUNC`, `ISBUILT`, `FORMATTYPE`, `PARSEMONEY`, `BATCHMODIFY`, `SUMPORTRAIT`, `SHOWGRANTAUTHOR`, `REFMODELCODE`, `REFMODELNAME`, `ORDERNUMONE`, `GROUPNUMBER`, `ORDERRULE`, `treenode`) VALUES ('8942259b5dd011eeb347fa163e418d0c', '9000281', 'convert_after_', '转换后要素/字段', '转换后要素/字段', '0005', 'treeinput', 'dicds', NULL, 0, 'true', NULL, 'left', 'center', 'middle', 'false', 'true', 'true', NULL, 'false', '120', '2023', '220000000', NULL, 60, 'false', NULL, 'false', NULL, NULL, 1, NULL, NULL, NULL, '转换规则设置.转换后要素/字段', NULL, 'false', NULL, 'false', 'false', 'false', 'false', NULL, NULL, NULL, NULL, NULL, NULL);
INSERT INTO `boss_t_fb_colinfo`(`GUID`, `REPORTGUID`, `FIELD`, `TITLE`, `TITLETOOLTIP`, `ORDERNUM`, `TYPE`, `SOURCE`, `FORMULADET`, `CALCPRI`, `EDITABLE`, `REFMODELGUID`, `ALIGN`, `HALIGN`, `VALIGN`, `SORTABLE`, `VISIBLE`, `SWITCHABLE`, `SUPERGUID`, `NOTNULL`, `WIDTH`, `YEAR`, `PROVINCE`, `LASTVER`, `clength`, `ISPKCOLUMN`, `ISCHECKS`, `ISCONSTRAINT`, `DEFAULTVALUE`, `FORMULADETNAME`, `SUMQUOTIETY`, `EXPFUNCCODE`, `EXPFUNCGUID`, `EXPFUNCNAME`, `ALLTITLE`, `EXPFUNC`, `ISBUILT`, `FORMATTYPE`, `PARSEMONEY`, `BATCHMODIFY`, `SUMPORTRAIT`, `SHOWGRANTAUTHOR`, `REFMODELCODE`, `REFMODELNAME`, `ORDERNUMONE`, `GROUPNUMBER`, `ORDERRULE`, `treenode`) VALUES ('681c5dc85dd211eeb347fa163e418d0c', '9000281', 'field_key_', '默认值要素/字段名', '默认值要素/字段名', '0006', 'treeinput', 'dicds', NULL, 0, 'true', NULL, 'left', 'center', 'middle', 'false', 'true', 'true', NULL, 'false', '120', '2023', '220000000', NULL, 60, 'false', NULL, 'false', NULL, NULL, 1, NULL, NULL, NULL, '转换规则设置.默认值要素/字段名', NULL, 'false', NULL, 'false', 'false', 'false', 'false', NULL, NULL, NULL, NULL, NULL, NULL);
INSERT INTO `boss_t_fb_colinfo`(`GUID`, `REPORTGUID`, `FIELD`, `TITLE`, `TITLETOOLTIP`, `ORDERNUM`, `TYPE`, `SOURCE`, `FORMULADET`, `CALCPRI`, `EDITABLE`, `REFMODELGUID`, `ALIGN`, `HALIGN`, `VALIGN`, `SORTABLE`, `VISIBLE`, `SWITCHABLE`, `SUPERGUID`, `NOTNULL`, `WIDTH`, `YEAR`, `PROVINCE`, `LASTVER`, `clength`, `ISPKCOLUMN`, `ISCHECKS`, `ISCONSTRAINT`, `DEFAULTVALUE`, `FORMULADETNAME`, `SUMQUOTIETY`, `EXPFUNCCODE`, `EXPFUNCGUID`, `EXPFUNCNAME`, `ALLTITLE`, `EXPFUNC`, `ISBUILT`, `FORMATTYPE`, `PARSEMONEY`, `BATCHMODIFY`, `SUMPORTRAIT`, `SHOWGRANTAUTHOR`, `REFMODELCODE`, `REFMODELNAME`, `ORDERNUMONE`, `GROUPNUMBER`, `ORDERRULE`, `treenode`) VALUES ('8d2e206c5dd211eeb347fa163e418d0c', '9000281', 'field_val_', '默认值', '默认值', '0007', 'treeinput', '', NULL, 0, 'true', NULL, 'left', 'center', 'middle', 'false', 'true', 'true', NULL, 'false', '120', '2023', '220000000', NULL, 60, 'false', NULL, 'false', NULL, NULL, 1, NULL, NULL, NULL, '转换规则设置.默认值', NULL, 'false', NULL, 'false', 'false', 'false', 'false', NULL, NULL, NULL, NULL, NULL, NULL);
INSERT INTO `boss_t_fb_colinfo`(`GUID`, `REPORTGUID`, `FIELD`, `TITLE`, `TITLETOOLTIP`, `ORDERNUM`, `TYPE`, `SOURCE`, `FORMULADET`, `CALCPRI`, `EDITABLE`, `REFMODELGUID`, `ALIGN`, `HALIGN`, `VALIGN`, `SORTABLE`, `VISIBLE`, `SWITCHABLE`, `SUPERGUID`, `NOTNULL`, `WIDTH`, `YEAR`, `PROVINCE`, `LASTVER`, `clength`, `ISPKCOLUMN`, `ISCHECKS`, `ISCONSTRAINT`, `DEFAULTVALUE`, `FORMULADETNAME`, `SUMQUOTIETY`, `EXPFUNCCODE`, `EXPFUNCGUID`, `EXPFUNCNAME`, `ALLTITLE`, `EXPFUNC`, `ISBUILT`, `FORMATTYPE`, `PARSEMONEY`, `BATCHMODIFY`, `SUMPORTRAIT`, `SHOWGRANTAUTHOR`, `REFMODELCODE`, `REFMODELNAME`, `ORDERNUMONE`, `GROUPNUMBER`, `ORDERRULE`, `treenode`) VALUES ('0797c9765dd711eeb347fa163e418d0c', '9000281', 'sql_value', 'SQL结果', 'SQL结果', '0008', 'textarea', '', NULL, 0, 'true', NULL, 'left', 'center', 'middle', 'false', 'true', 'true', NULL, 'false', '120', '2023', '220000000', NULL, 60, 'false', NULL, 'false', NULL, NULL, 1, NULL, NULL, NULL, '转换规则设置.SQL结果', NULL, 'false', NULL, 'false', 'false', 'false', 'false', NULL, NULL, NULL, NULL, NULL, NULL);
INSERT INTO `boss_t_fb_colinfo`(`GUID`, `REPORTGUID`, `FIELD`, `TITLE`, `TITLETOOLTIP`, `ORDERNUM`, `TYPE`, `SOURCE`, `FORMULADET`, `CALCPRI`, `EDITABLE`, `REFMODELGUID`, `ALIGN`, `HALIGN`, `VALIGN`, `SORTABLE`, `VISIBLE`, `SWITCHABLE`, `SUPERGUID`, `NOTNULL`, `WIDTH`, `YEAR`, `PROVINCE`, `LASTVER`, `clength`, `ISPKCOLUMN`, `ISCHECKS`, `ISCONSTRAINT`, `DEFAULTVALUE`, `FORMULADETNAME`, `SUMQUOTIETY`, `EXPFUNCCODE`, `EXPFUNCGUID`, `EXPFUNCNAME`, `ALLTITLE`, `EXPFUNC`, `ISBUILT`, `FORMATTYPE`, `PARSEMONEY`, `BATCHMODIFY`, `SUMPORTRAIT`, `SHOWGRANTAUTHOR`, `REFMODELCODE`, `REFMODELNAME`, `ORDERNUMONE`, `GROUPNUMBER`, `ORDERRULE`, `treenode`) VALUES ('894425b75dd011eeb347fa163e418d0c', '9000281', 'matching_rule', '匹配规则', '匹配规则', '0008', 'textarea', '', NULL, 0, 'true', NULL, 'left', 'center', 'middle', 'false', 'true', 'true', NULL, 'false', '120', '2023', '220000000', NULL, 60, 'false', NULL, 'false', NULL, NULL, 1, NULL, NULL, NULL, '转换规则设置.匹配规则', NULL, 'false', NULL, 'false', 'false', 'false', 'false', NULL, NULL, NULL, NULL, NULL, NULL);
INSERT INTO `boss_t_fb_colinfo`(`GUID`, `REPORTGUID`, `FIELD`, `TITLE`, `TITLETOOLTIP`, `ORDERNUM`, `TYPE`, `SOURCE`, `FORMULADET`, `CALCPRI`, `EDITABLE`, `REFMODELGUID`, `ALIGN`, `HALIGN`, `VALIGN`, `SORTABLE`, `VISIBLE`, `SWITCHABLE`, `SUPERGUID`, `NOTNULL`, `WIDTH`, `YEAR`, `PROVINCE`, `LASTVER`, `clength`, `ISPKCOLUMN`, `ISCHECKS`, `ISCONSTRAINT`, `DEFAULTVALUE`, `FORMULADETNAME`, `SUMQUOTIETY`, `EXPFUNCCODE`, `EXPFUNCGUID`, `EXPFUNCNAME`, `ALLTITLE`, `EXPFUNC`, `ISBUILT`, `FORMATTYPE`, `PARSEMONEY`, `BATCHMODIFY`, `SUMPORTRAIT`, `SHOWGRANTAUTHOR`, `REFMODELCODE`, `REFMODELNAME`, `ORDERNUMONE`, `GROUPNUMBER`, `ORDERRULE`, `treenode`) VALUES ('8945f7205dd011eeb347fa163e418d0c', '9000281', 'remark', '备注', '备注', '0009', 'textarea', '', NULL, 0, 'true', NULL, 'left', 'center', 'middle', 'false', 'true', 'true', NULL, 'false', '120', '2023', '220000000', NULL, 60, 'false', NULL, 'false', NULL, NULL, 1, NULL, NULL, NULL, '转换规则设置.备注', NULL, 'false', NULL, 'false', 'false', 'false', 'false', NULL, NULL, NULL, NULL, NULL, NULL);

-- 同步区划-表列
INSERT INTO boss_t_fb_colinfo select `GUID`, `REPORTGUID`, `FIELD`, `TITLE`, `TITLETOOLTIP`, `ORDERNUM`, `TYPE`, `SOURCE`, `FORMULADET`, `CALCPRI`, `EDITABLE`, `REFMODELGUID`, `ALIGN`, `HALIGN`, `VALIGN`, `SORTABLE`, `VISIBLE`, `SWITCHABLE`, `SUPERGUID`, `NOTNULL`, `WIDTH`, `YEAR`, B.MOF_DIV_CODE, `LASTVER`, `clength`, `ISPKCOLUMN`, `ISCHECKS`, `ISCONSTRAINT`, `DEFAULTVALUE`, `FORMULADETNAME`, `SUMQUOTIETY`, `EXPFUNCCODE`, `EXPFUNCGUID`, `EXPFUNCNAME`, `ALLTITLE`, `EXPFUNC`, `ISBUILT`, `FORMATTYPE`, `PARSEMONEY`, `BATCHMODIFY`, `SUMPORTRAIT`, `SHOWGRANTAUTHOR`, `REFMODELCODE`, `REFMODELNAME`, `ORDERNUMONE`, `GROUPNUMBER`, `ORDERRULE`, `treenode` from boss_t_fb_colinfo a,fiscal.bas_mof_div b where b.mof_div_code like '22%' and b.mof_div_code not like '%98%' and b.mof_div_code not like '%99000%' and b.mof_div_code<>'220000000' and PROVINCE='220000000' and  reportGUID in('9000281') and year=2023;

-- 同步2024年度-表列
INSERT INTO boss_t_fb_colinfo select `GUID`, `REPORTGUID`, `FIELD`, `TITLE`, `TITLETOOLTIP`, `ORDERNUM`, `TYPE`, `SOURCE`, `FORMULADET`, `CALCPRI`, `EDITABLE`, `REFMODELGUID`, `ALIGN`, `HALIGN`, `VALIGN`, `SORTABLE`, `VISIBLE`, `SWITCHABLE`, `SUPERGUID`, `NOTNULL`, `WIDTH`, '2024', `PROVINCE`, `LASTVER`, `clength`, `ISPKCOLUMN`, `ISCHECKS`, `ISCONSTRAINT`, `DEFAULTVALUE`, `FORMULADETNAME`, `SUMQUOTIETY`, `EXPFUNCCODE`, `EXPFUNCGUID`, `EXPFUNCNAME`, `ALLTITLE`, `EXPFUNC`, `ISBUILT`, `FORMATTYPE`, `PARSEMONEY`, `BATCHMODIFY`, `SUMPORTRAIT`, `SHOWGRANTAUTHOR`, `REFMODELCODE`, `REFMODELNAME`, `ORDERNUMONE`, `GROUPNUMBER`, `ORDERRULE`, `treenode` FROM boss_t_fb_colinfo WHERE reportGUID in('9000281') and year=2023;

delete from boss_t_fb_colattrbute where REPORTGUID = '9000281';
INSERT INTO `boss_t_fb_colattrbute`(`GUID`, `COLGUID`, `KEY`, `VALUE`, `YEAR`, `PROVINCE`, `LASTVER`, `TYPE`, `REPORTGUID`) VALUES ('78b933965ddc11eeb347fa163e418d0c', '894059fe5dd011eeb347fa163e418d0c', 'treeinputServerName', 'mp-b-budget-service', '2023', '220000000', '', 'string', '9000281');
INSERT INTO `boss_t_fb_colattrbute`(`GUID`, `COLGUID`, `KEY`, `VALUE`, `YEAR`, `PROVINCE`, `LASTVER`, `TYPE`, `REPORTGUID`) VALUES ('b032f3ab5ddc11eeb347fa163e418d0c', '894059fe5dd011eeb347fa163e418d0c', 'treeinputServerUri', '/v1/common/budget/elementtree', '2023', '220000000', NULL, 'string', '9000281');
INSERT INTO `boss_t_fb_colattrbute`(`GUID`, `COLGUID`, `KEY`, `VALUE`, `YEAR`, `PROVINCE`, `LASTVER`, `TYPE`, `REPORTGUID`) VALUES ('06d0eaae664d11eeb347fa163e418d0c', '894059fe5dd011eeb347fa163e418d0c', 'keepSelfInput', 'true', '2023', '220000000', NULL, 'string', '9000281');

INSERT INTO `boss_t_fb_colattrbute`(`GUID`, `COLGUID`, `KEY`, `VALUE`, `YEAR`, `PROVINCE`, `LASTVER`, `TYPE`, `REPORTGUID`) VALUES ('9d218e9b5ddc11eeb347fa163e418d0c', '8942259b5dd011eeb347fa163e418d0c', 'treeinputServerName', 'mp-b-budget-service', '2023', '220000000', '', 'string', '9000281');
INSERT INTO `boss_t_fb_colattrbute`(`GUID`, `COLGUID`, `KEY`, `VALUE`, `YEAR`, `PROVINCE`, `LASTVER`, `TYPE`, `REPORTGUID`) VALUES ('c68fe3995ddc11eeb347fa163e418d0c', '8942259b5dd011eeb347fa163e418d0c', 'treeinputServerUri', '/v1/common/budget/elementtree', '2023', '220000000', NULL, 'string', '9000281');
INSERT INTO `boss_t_fb_colattrbute`(`GUID`, `COLGUID`, `KEY`, `VALUE`, `YEAR`, `PROVINCE`, `LASTVER`, `TYPE`, `REPORTGUID`) VALUES ('18a06edc664d11eeb347fa163e418d0c', '8942259b5dd011eeb347fa163e418d0c', 'keepSelfInput', 'true', '2023', '220000000', NULL, 'string', '9000281');


INSERT INTO `boss_t_fb_colattrbute`(`GUID`, `COLGUID`, `KEY`, `VALUE`, `YEAR`, `PROVINCE`, `LASTVER`, `TYPE`, `REPORTGUID`) VALUES ('9f723c365ddc11eeb347fa163e418d0c', '681c5dc85dd211eeb347fa163e418d0c', 'treeinputServerName', 'mp-b-budget-service', '2023', '220000000', '', 'string', '9000281');
INSERT INTO `boss_t_fb_colattrbute`(`GUID`, `COLGUID`, `KEY`, `VALUE`, `YEAR`, `PROVINCE`, `LASTVER`, `TYPE`, `REPORTGUID`) VALUES ('c928c8535ddc11eeb347fa163e418d0c', '681c5dc85dd211eeb347fa163e418d0c', 'treeinputServerUri', '/v1/common/budget/elementtree', '2023', '220000000', NULL, 'string', '9000281');
INSERT INTO `boss_t_fb_colattrbute`(`GUID`, `COLGUID`, `KEY`, `VALUE`, `YEAR`, `PROVINCE`, `LASTVER`, `TYPE`, `REPORTGUID`) VALUES ('25b0cbb2664d11eeb347fa163e418d0c', '681c5dc85dd211eeb347fa163e418d0c', 'keepSelfInput', 'true', '2023', '220000000', NULL, 'string', '9000281');
INSERT INTO `boss_t_fb_colattrbute`(`GUID`, `COLGUID`, `KEY`, `VALUE`, `YEAR`, `PROVINCE`, `LASTVER`, `TYPE`, `REPORTGUID`) VALUES ('7f8ce77a664f11eeb347fa163e418d0c', '681c5dc85dd211eeb347fa163e418d0c', 'dropdownmethod', 'fieldValDropDownMethod', '2023', '220000000', '', 'string', '9000281');


INSERT INTO `boss_t_fb_colattrbute`(`GUID`, `COLGUID`, `KEY`, `VALUE`, `YEAR`, `PROVINCE`, `LASTVER`, `TYPE`, `REPORTGUID`) VALUES ('279ee21b664c11eeb347fa163e418d0c', '8d2e206c5dd211eeb347fa163e418d0c', 'treeinputServerName', 'mp-b-budget-service', '2023', '220000000', '', 'string', '9000281');
INSERT INTO `boss_t_fb_colattrbute`(`GUID`, `COLGUID`, `KEY`, `VALUE`, `YEAR`, `PROVINCE`, `LASTVER`, `TYPE`, `REPORTGUID`) VALUES ('2a0aefe6664c11eeb347fa163e418d0c', '8d2e206c5dd211eeb347fa163e418d0c', 'treeinputServerUri', '/v1/common/budget/elementtree', '2023', '220000000', NULL, 'string', '9000281');
INSERT INTO `boss_t_fb_colattrbute`(`GUID`, `COLGUID`, `KEY`, `VALUE`, `YEAR`, `PROVINCE`, `LASTVER`, `TYPE`, `REPORTGUID`) VALUES ('2fd3330e664d11eeb347fa163e418d0c', '8d2e206c5dd211eeb347fa163e418d0c', 'keepSelfInput', 'true', '2023', '220000000', NULL, 'string', '9000281');
INSERT INTO `boss_t_fb_colattrbute`(`GUID`, `COLGUID`, `KEY`, `VALUE`, `YEAR`, `PROVINCE`, `LASTVER`, `TYPE`, `REPORTGUID`) VALUES ('829c6702665211eeb347fa163e418d0c', '8d2e206c5dd211eeb347fa163e418d0c', 'reloaddata', '1', '2023', '220000000', NULL, 'string', '9000281');
-- 同步区划-表列
INSERT INTO boss_t_fb_colattrbute select `GUID`, `COLGUID`, `KEY`, `VALUE`, `YEAR`, B.MOF_DIV_CODE, `LASTVER`, `TYPE`, `REPORTGUID` from boss_t_fb_colattrbute a,fiscal.bas_mof_div b where b.mof_div_code like '22%' and b.mof_div_code not like '%98%' and b.mof_div_code not like '%99000%' and b.mof_div_code<>'220000000' and PROVINCE='220000000' and  reportGUID in('9000281') and year=2023;

-- 同步2024年度-表列
INSERT INTO boss_t_fb_colattrbute select `GUID`,`COLGUID`, `KEY`, `VALUE`, '2024', `PROVINCE`, `LASTVER`, `TYPE`, `REPORTGUID` FROM boss_t_fb_colattrbute WHERE reportGUID in('9000281') and year=2023;

delete from boss_t_fb_refmodel  where GUID = 'b3cbb2055d9d11eeb347fa163e418d0c';
INSERT INTO `boss_t_fb_refmodel`(`GUID`, `CODE`, `NAME`, `ENABLED`, `REFMODEL`, `CREATER`, `CREATETIME`, `LASTTIME`, `LASTUER`, `VERSION`, `PROVINCE`, `YEAR`, `REMARK`) VALUES ('b3cbb2055d9d11eeb347fa163e418d0c', '90002801', '转换规则转换类型', '1', '0#默认值转换+1#值赋值给新key+2#赋值SQL结果', 'lcy', '2022-03-01', '2022-03-01', NULL, '2022-03-01 16:42:34', '220000000', '2023', NULL);

INSERT INTO `boss_t_fb_refmodel` select `GUID`, `CODE`, `NAME`, `ENABLED`, `REFMODEL`, `CREATER`, `CREATETIME`, `LASTTIME`, `LASTUER`, `VERSION`, b.mof_div_code, `YEAR`, `REMARK` from boss_t_fb_refmodel a,fiscal.bas_mof_div b where b.mof_div_code like '22%' and b.mof_div_code not like '%98%' and b.mof_div_code not like '%99000%' and b.mof_div_code<>'220000000' and a.PROVINCE='220000000' and GUID = 'b3cbb2055d9d11eeb347fa163e418d0c' and year=2023;

INSERT INTO `boss_t_fb_refmodel` select `GUID`, `CODE`, `NAME`, `ENABLED`, `REFMODEL`, `CREATER`, `CREATETIME`, `LASTTIME`, `LASTUER`, `VERSION`, PROVINCE, '2024', `REMARK` from boss_t_fb_refmodel where PROVINCE='220000000' and GUID = 'b3cbb2055d9d11eeb347fa163e418d0c' and year=2023;